seed,strategy,final_equity_gross,final_equity_net,sharpe_gross,sharpe_net,max_dd_gross,max_dd_net,avg_turnover,avg_max_weight,has_nan_weights
22,Simple + Baseline,1.521401178121832,1.428556698706054,0.5410090400890927,0.47824122241633665,-0.4775027845722968,-0.4992423149018147,0.12243308842955483,0.1000002198255361,False
22,AR1 + Baseline,2.7603064300874585,2.6974928629254906,1.1196356394538245,1.097191386142289,-0.3276584583501311,-0.33650653809869924,0.04491570451564291,0.09984344522178297,False
22,Simple + Advanced,1.48100392527705,1.3903459891382048,0.5166737857329057,0.45313628468439776,-0.4544124895260264,-0.4766984507172827,0.12279934639989729,0.09999607016252864,False
22,AR1 + Advanced,2.6801257589356875,2.617961224725577,1.1031719460708485,1.079939095096907,-0.32031394334878016,-0.3294828241540927,0.0457866767375659,0.09983867433581793,False
