seed,strategy,final_equity_gross,final_equity_net,sharpe_gross,sharpe_net,max_dd_gross,max_dd_net,avg_turnover,avg_max_weight,has_nan_weights
4,Simple + Baseline,2.0896026648059394,1.9603274051055382,0.7965543207559659,0.7392658941758541,-0.40773206883041,-0.42626221185127167,0.12481304184816164,0.10000008695565422,False
4,AR1 + Baseline,2.874011746161021,2.801329744381371,1.081599887334413,1.0587305144273702,-0.38532311952582166,-0.38878932917456976,0.050174092156537675,0.09984261627884303,False
4,Simple + Advanced,2.0887556593869476,1.9594406043229102,0.8006111760549275,0.7427803086044926,-0.409122802943074,-0.4273387806883824,0.12489407828445226,0.09999614619354845,False
4,AR1 + Advanced,3.017864476774923,2.9414644184922194,1.1398864209421393,1.1166184868092965,-0.3596817719759875,-0.36331919116666667,0.050243760845512325,0.0998379175780777,False
