seed,strategy,final_equity_gross,final_equity_net,cum_return_gross,cum_return_net,sharpe_gross,sharpe_net,max_drawdown_gross,max_drawdown_net,avg_turnover,max_turnover,avg_max_weight,avg_cost_coeff,avg_realised_tc,has_nan_weights
13,AR1 alpha + Enhanced + Two-Step,2.7043840694678725,2.443809807925424,1.7043840694678725,1.4438098079254238,1.1268621029860226,1.0247459316858383,-0.17164719995015543,-0.18583189719566973,0.049992606128392826,0.05067888859935823,0.07827197732842434,0.002,9.909787970193828e-05,False
13,Simple alpha + Enhanced + One-Step,2.6719300153512244,2.4146027401157584,1.6719300153512244,1.4146027401157584,1.0806723022802316,0.9824748364511318,-0.21395369130681552,-0.23829312304562933,0.049639337098230936,0.05034656078048095,0.0998715005721431,0.002,9.900345496977723e-05,False
13,Simple alpha + Enhanced + Two-Step,2.524112268487399,2.2795289775115455,1.5241122684873991,1.2795289775115455,1.05425515503054,0.9517843615037838,-0.21427029719328472,-0.24495245920824626,0.0500422124355426,0.050710665616747176,0.07485243418284229,0.002,9.964912187586565e-05,False
13,AR1 alpha + Enhanced + One-Step,2.5496664582212536,2.304794732708455,1.5496664582212536,1.304794732708455,1.0338285446128899,0.9361869001676516,-0.19631930845168,-0.21654203425662466,0.04980960757146549,0.0503391119036105,0.09970097707711899,0.002,9.875461376660522e-05,False
13,AR1 alpha + Basic + One-Step,2.8146054956209925,1.72595386197306,1.8146054956209925,0.7259538619730601,1.123697407033032,0.6536005241534136,-0.19196684777577067,-0.2783155732074054,0.22921646066555393,1.56,0.09984229054328989,0.002,0.00047818765429917434,False
13,AR1 alpha + Basic + Two-Step,2.8227292027563955,1.70875128868262,1.8227292027563955,0.7087512886826199,1.126585491101815,0.643983386974799,-0.19175202582284112,-0.2811746330057513,0.23568303628158999,1.5585060730378713,0.099813889077367,0.002,0.0004907777769454008,False
13,Simple alpha + Basic + One-Step,2.366433529708678,1.545397833022047,1.366433529708678,0.545397833022047,0.9530080815658436,0.5447616967377346,-0.24025419918742952,-0.32608443527976494,0.19578845157012914,1.2593093350844649,0.0999979994541492,0.002,0.0004157858720286921,False
13,Simple alpha + Basic + Two-Step,2.362444353804607,1.5302894550005444,1.362444353804607,0.5302894550005444,0.9513999387547561,0.5353972541997548,-0.23994629530795397,-0.3303273988861306,0.19953551437720385,1.2535233563371444,0.09997379786176955,0.002,0.0004237505213047615,False
