seed,strategy,final_equity_gross,final_equity_net,sharpe_gross,sharpe_net,max_dd_gross,max_dd_net,avg_turnover,avg_max_weight,has_nan_weights
8,Simple + Baseline,2.90506854125605,2.7335116964965214,1.1386411939179937,1.08066617850974,-0.2568759101736242,-0.26617479690556145,0.11838984484226843,0.10000001757671748,False
8,AR1 + Baseline,3.453310528583516,3.359638325342428,1.265167921565335,1.2401914202082098,-0.3095894899173418,-0.31623782092465835,0.053663377374667455,0.09984320397106844,False
8,Simple + Advanced,2.9689719472602305,2.7962992269380975,1.164627645465916,1.1072104122321837,-0.26015102841712456,-0.2692888103233487,0.11655400166917392,0.099995878462097,False
8,AR1 + Advanced,3.565103303919773,3.4678084214686744,1.3079336353673812,1.282531545598379,-0.2978696459545096,-0.30192780097911,0.054027276236439346,0.09983939026113597,False
