seed,strategy,final_equity_gross,final_equity_net,sharpe_gross,sharpe_net,max_dd_gross,max_dd_net,avg_turnover,avg_max_weight,has_nan_weights
16,Simple + Baseline,2.1127897642967817,1.9909852577944964,0.8059774495563474,0.7524864499741559,-0.3509903984818823,-0.3622718579830937,0.11551958001865249,0.10000004946537194,False
16,AR1 + Baseline,2.378696749175942,2.3118774915124924,0.8781076444897168,0.8539146239122772,-0.24432909369322908,-0.24984758266930363,0.055564699808248214,0.09984365543142916,False
16,Simple + Advanced,2.1458181275175208,2.0213471277750723,0.8390302235862219,0.7834423723182116,-0.3149169350423586,-0.3266312541589269,0.11630436360307414,0.09999566647187208,False
16,AR1 + Advanced,2.496355911286679,2.4248937081954294,0.9399173636511526,0.9145077889479278,-0.23809201919509848,-0.24360417970947124,0.05666865280394517,0.09983932091381564,False
