seed,strategy,final_equity_gross,final_equity_net,sharpe_gross,sharpe_net,max_dd_gross,max_dd_net,avg_turnover,avg_max_weight,has_nan_weights
21,Simple + Baseline,3.2808131161741887,3.0473185681541994,1.1109409354383204,1.0512519404363139,-0.4271446705258447,-0.43698561982986384,0.14419847299685357,0.09999998823731719,False
21,AR1 + Baseline,2.4130229558549554,2.325818384299725,0.8779152974044313,0.8474451249552583,-0.33587760851468884,-0.3423529026328761,0.07191288634288782,0.09979287488441253,False
21,Simple + Advanced,3.268831314330093,3.036083996580144,1.1213568709278103,1.0606651608942568,-0.4263081064970853,-0.4359490418831493,0.14428372088052072,0.09999438340076389,False
21,AR1 + Advanced,2.510064658511535,2.4195219536546317,0.927384352878211,0.8961325079836523,-0.3243340685537327,-0.33123540077214186,0.07177718420494583,0.09961979888056527,False
