seed,strategy,final_equity_gross,final_equity_net,sharpe_gross,sharpe_net,max_dd_gross,max_dd_net,avg_turnover,avg_max_weight,has_nan_weights
6,Simple + Baseline,2.3775117984054313,2.2141282789458008,0.8747728317001726,0.8146721651063326,-0.4109440137067968,-0.4305567825729325,0.13885419243583186,0.10000009834747302,False
6,AR1 + Baseline,3.2020335958295885,3.0853329640480127,1.1051788684182644,1.0747117685018455,-0.3509825757721742,-0.35802606973216167,0.07258382446756845,0.0998233807804308,False
6,Simple + Advanced,2.3520767458827385,2.1902681995136986,0.8774487456171409,0.81606713523175,-0.41181873827117066,-0.43134981614041823,0.13903040561765537,0.09999408208714305,False
6,AR1 + Advanced,3.2456279232705203,3.1241345694136617,1.145615797138011,1.113227336618222,-0.33767609146790767,-0.3450284521472249,0.07461843309507624,0.09980315393649747,False
