seed,strategy,final_equity_gross,final_equity_net,sharpe_gross,sharpe_net,max_dd_gross,max_dd_net,avg_turnover,avg_max_weight,has_nan_weights
10,Simple + Baseline,2.745862041623159,2.5522529034331134,1.0771788766349506,1.0084197394045393,-0.43167676207991057,-0.45834575955939016,0.14256903400334095,0.09999993279573142,False
10,AR1 + Baseline,2.388004264732969,2.3060946631289836,0.9466151506457248,0.9139081272166067,-0.4421961935759634,-0.44782688203272314,0.06811513188640411,0.09982278681913832,False
10,Simple + Advanced,2.8068691644852604,2.609477543252392,1.1098811538020334,1.0403231513801456,-0.41904208720225034,-0.4456539821202735,0.14220045758074562,0.09999403339051195,False
10,AR1 + Advanced,2.5032309947292926,2.4151579150442513,1.0010657855767107,0.9670267091155533,-0.42492023880113783,-0.43066543328387463,0.0699104858490021,0.09981672117828366,False
