seed,strategy,final_equity_gross,final_equity_net,sharpe_gross,sharpe_net,max_dd_gross,max_dd_net,avg_turnover,avg_max_weight,has_nan_weights
14,Simple + Baseline,1.4440664754508412,1.336017168755496,0.4712279507361208,0.399836630824991,-0.38665726443858395,-0.40385838954010056,0.1517594659366808,0.09999989424082435,False
14,AR1 + Baseline,3.4875234814616123,3.3831648566936803,1.2452268109420923,1.218220043538279,-0.26058817657130817,-0.2674357682159144,0.059361644111812176,0.09982340184728028,False
14,Simple + Advanced,1.613030875629467,1.494037722168493,0.5744184575225332,0.5035774210875794,-0.3680412699000566,-0.38576488282280774,0.14958963430397024,0.09999340267691267,False
14,AR1 + Advanced,3.5278205395789333,3.420553916411169,1.2627469145477597,1.2351251373869976,-0.2593772797818261,-0.26378910280503287,0.06035620125644966,0.09981768637176779,False
