seed,strategy,final_equity_gross,final_equity_net,sharpe_gross,sharpe_net,max_dd_gross,max_dd_net,avg_turnover,avg_max_weight,has_nan_weights
21,Simple + Baseline,3.2990425518124322,3.1026991173026515,1.2284874845336033,1.1717942117730689,-0.308147010306837,-0.31804751313095336,0.12013145557398468,0.1000000910879045,False
21,AR1 + Baseline,2.775520257494163,2.707816277505307,1.045118945230566,1.0231432320074711,-0.28440988911585985,-0.2884746869592758,0.04839780523655846,0.09984251237745403,False
21,Simple + Advanced,3.202062720617677,3.0091589653257875,1.2105376993338446,1.1526477122627772,-0.31820866910772405,-0.32778659762071516,0.1217028178607671,0.09999671794981421,False
21,AR1 + Advanced,2.8633162605736255,2.794884479379279,1.0867587092956914,1.0648417089779254,-0.27336297046396485,-0.27743962248185483,0.04740305051779721,0.09983756863959481,False
