seed,strategy,final_equity_gross,final_equity_net,sharpe_gross,sharpe_net,max_dd_gross,max_dd_net,avg_turnover,avg_max_weight,has_nan_weights
5,Simple + Baseline,2.089251707400078,1.9380743095202995,0.8080692532613097,0.7391169900759147,-0.40252044813185495,-0.41940714497886,0.1462821815773619,0.09999993135338679,False
5,AR1 + Baseline,2.9564641879273847,2.8659267634746084,1.0948581025959048,1.067464332935216,-0.23588488304982758,-0.2374778161245169,0.06070217361019055,0.09982392037812901,False
5,Simple + Advanced,1.9987546304089385,1.8530435008008752,0.7775841923098143,0.7067269326001259,-0.40392101019640825,-0.42062884452563376,0.14740779001735277,0.09999429593029893,False
5,AR1 + Advanced,2.989813760110574,2.897270728947063,1.1366110628307715,1.1078742615701258,-0.21371261764033267,-0.2154641138629929,0.06137137629999892,0.09981646601196136,False
