seed,strategy,final_equity_gross,final_equity_net,sharpe_gross,sharpe_net,max_dd_gross,max_dd_net,avg_turnover,avg_max_weight,has_nan_weights
12,Simple + Baseline,3.947612251547577,3.672543696355746,1.3211454783882235,1.258784758652057,-0.33112683208876503,-0.33516023527386085,0.14148850000229815,0.09999992860943224,False
12,AR1 + Baseline,4.558925704071359,4.4078973605815115,1.4253255518511532,1.3967794457801477,-0.22348576570979162,-0.22386856516876397,0.06603294838052079,0.09982222252533242,False
12,Simple + Advanced,3.8849779498168084,3.616498638654727,1.323448484842769,1.260698881692971,-0.3173001725626359,-0.3212671346887612,0.14031742185280074,0.09999410250387761,False
12,AR1 + Advanced,4.312452896606674,4.168416677017163,1.4008807030229822,1.3715700187927038,-0.2214880712520465,-0.2219110113212558,0.06662110435883425,0.09981585232745609,False
