seed,strategy,final_equity_gross,final_equity_net,cum_return_gross,cum_return_net,sharpe_gross,sharpe_net,max_drawdown_gross,max_drawdown_net,avg_turnover,max_turnover,avg_max_weight,avg_cost_coeff,avg_realised_tc,has_nan_weights
2,AR1 alpha + Enhanced + Two-Step,2.5116517904228846,2.2692902258702197,1.5116517904228846,1.2692902258702197,1.060246767863959,0.9568402542843801,-0.22938999989752917,-0.2637407333696459,0.04999286506720528,0.05081243504120381,0.07773931253021717,0.002,9.921988163433964e-05,False
2,AR1 alpha + Enhanced + One-Step,2.533763386639241,2.289898167915894,1.533763386639241,1.289898167915894,1.0375098967841838,0.9383242453865687,-0.27474808212520296,-0.29582710520320077,0.049803234100372566,0.05021299068042449,0.099684057158883,0.002,9.89438880134437e-05,False
2,Simple alpha + Enhanced + Two-Step,2.1843909986980226,1.972601308753832,1.1843909986980226,0.9726013087538321,0.931968106998923,0.8258169172338118,-0.3025396394730492,-0.31977683307691085,0.050039021476498205,0.05070482517321912,0.0713025763062697,0.002,9.968519332247144e-05,False
2,Simple alpha + Enhanced + One-Step,2.1589537910784187,1.9499305988995839,1.1589537910784187,0.9499305988995839,0.8854358035415784,0.7847800402764803,-0.34991019547417657,-0.3659574396610086,0.049892033586570475,0.0504285120609901,0.09965355262242212,0.002,9.951659822119207e-05,False
2,AR1 alpha + Basic + One-Step,2.421921944862398,1.484388500977175,1.4219219448623979,0.4843885009771749,0.983391811776114,0.5092705311576131,-0.23858753788605813,-0.3410237611157736,0.22497763389790298,1.52,0.09984176080424122,0.002,0.00047821765157440453,False
2,AR1 alpha + Basic + Two-Step,2.428825200314872,1.4676842999958828,1.428825200314872,0.4676842999958828,0.9863452261276433,0.49838275846402036,-0.23767834401500687,-0.3447212272997394,0.23144992177889606,1.5474231563708991,0.09981468971103358,0.002,0.0004920532984119359,False
2,Simple alpha + Basic + One-Step,1.8260100834335649,1.1560392564004314,0.8260100834335649,0.15603925640043137,0.7251412232823986,0.26821259691643345,-0.3762985902057455,-0.4781993087358909,0.20979751904871896,1.0873147020667564,0.09999781515877182,0.002,0.00044610444869211255,False
2,Simple alpha + Basic + Two-Step,1.82181865324414,1.1429999757196878,0.82181865324414,0.1429999757196878,0.722953636270403,0.2568957055407956,-0.3769167631452026,-0.4808836727887885,0.21377665039618238,1.0795649717206535,0.09997382742335645,0.002,0.00045494326153400016,False
