seed,strategy,final_equity_gross,final_equity_net,sharpe_gross,sharpe_net,max_dd_gross,max_dd_net,avg_turnover,avg_max_weight,has_nan_weights
6,Simple + Baseline,1.918756769768501,1.8064993814885502,0.7832823832460658,0.7217789865675198,-0.3489818933177605,-0.3578325100743316,0.1175048330766933,0.09999997328247903,False
6,AR1 + Baseline,2.8743557279736267,2.807524989077255,1.1743515028894018,1.1508226522867544,-0.2687154282166343,-0.27439450180515734,0.04591324114327866,0.09984285351356843,False
6,Simple + Advanced,1.8458493545552874,1.7370484535607518,0.7483129573807789,0.6858102548995134,-0.3528445237421214,-0.36164442825261467,0.11838940848744797,0.09999535178261054,False
6,AR1 + Advanced,2.6584958432894097,2.594784296378383,1.1160111877008276,1.0911949265082395,-0.27984682624644275,-0.2855676005147433,0.047333860464064376,0.09983841844894915,False
