seed,strategy,final_equity_gross,final_equity_net,sharpe_gross,sharpe_net,max_dd_gross,max_dd_net,avg_turnover,avg_max_weight,has_nan_weights
9,Simple + Baseline,2.3774847923451086,2.209034496271319,0.8828382980908596,0.8199721265565293,-0.31041551342288465,-0.3212563698271125,0.1431891807888714,0.09999997453481607,False
9,AR1 + Baseline,3.073063872106269,2.968520082052103,1.0679338236974376,1.0395962603489286,-0.25554252919924914,-0.25786355933679417,0.06751479974631235,0.09982388553527134,False
9,Simple + Advanced,2.4859225391163307,2.311360710876374,0.930082904795371,0.8668363650293507,-0.3084487017918154,-0.31936191764158983,0.1418439543772609,0.09999348355965858,False
9,AR1 + Advanced,2.9569484631000584,2.854738231515019,1.064541657680027,1.0346235613169927,-0.24596113839983613,-0.2483568155711282,0.06860106920158107,0.09979948389535312,False
