seed,strategy,final_equity_gross,final_equity_net,sharpe_gross,sharpe_net,max_dd_gross,max_dd_net,avg_turnover,avg_max_weight,has_nan_weights
5,Simple + Baseline,3.320714798701542,3.1160684017289473,1.1230316047290885,1.0712210547390801,-0.3922095104855027,-0.4083023740442594,0.12376432588730432,0.10000016891802861,False
5,AR1 + Baseline,2.4312872643764902,2.3541617656790406,0.9026116144238832,0.8750512701948185,-0.2626821036383863,-0.2753346735846831,0.06279643031478896,0.0998437680007157,False
5,Simple + Advanced,3.355010649810843,3.153712604456941,1.1651709775639207,1.1127852193057854,-0.36951107758759905,-0.3816767600701888,0.12042925795116459,0.09999670578870201,False
5,AR1 + Advanced,2.513158512366942,2.434081907181429,0.9476723765332339,0.9196452715903483,-0.2819861973806127,-0.29453121478439925,0.06228722121756644,0.09983904224780135,False
