seed,strategy,final_equity_gross,final_equity_net,sharpe_gross,sharpe_net,max_dd_gross,max_dd_net,avg_turnover,avg_max_weight,has_nan_weights
4,Simple + Baseline,2.0055406617520006,1.858992691243137,0.7892947052186883,0.7172189049708592,-0.30783527463666227,-0.3320751300737981,0.14820197150726266,0.10000003208509393,False
4,AR1 + Baseline,2.595642612077354,2.5099028433128434,1.0414390436869123,1.0092785228510095,-0.2352942984638089,-0.23625419140017545,0.06569020840474409,0.0998227779519148,False
4,Simple + Advanced,2.102918166405823,1.9501645630186588,0.8350496776518882,0.7633200411782823,-0.3021482891372185,-0.3261014993855973,0.14733826603590322,0.09999421266202864,False
4,AR1 + Advanced,2.7980746224241124,2.7062552610828536,1.1238475161642918,1.0914989648041316,-0.22268460042836047,-0.22369953092433148,0.06525452834501623,0.0998167151982666,False
