seed,strategy,final_equity_gross,final_equity_net,sharpe_gross,sharpe_net,max_dd_gross,max_dd_net,avg_turnover,avg_max_weight,has_nan_weights
18,Simple + Baseline,2.1252361390161387,1.994182015279049,0.8366937463169261,0.7767662317647951,-0.2426639571663679,-0.24575215108697923,0.12370451867768757,0.09999999366486705,False
18,AR1 + Baseline,3.6005281906941633,3.5124100946558605,1.265738507777455,1.244032284920934,-0.2078197414581291,-0.21239558651253188,0.048337190206921024,0.0998432281889679,False
18,Simple + Advanced,2.063345141145399,1.93570526887936,0.81569295465299,0.7548538727094496,-0.2507694489998574,-0.25397470689531176,0.12411934191069117,0.09999609740642415,False
18,AR1 + Advanced,3.5199195673101777,3.4306577086794148,1.2481524976700795,1.2256256908495495,-0.21992436034807894,-0.22474698692610684,0.050124389910891465,0.09983935406756109,False
