seed,strategy,final_equity_gross,final_equity_net,sharpe_gross,sharpe_net,max_dd_gross,max_dd_net,avg_turnover,avg_max_weight,has_nan_weights
2,Simple + Baseline,2.118842205710334,1.9585691353382404,0.8406319371585628,0.765939912353858,-0.535333067523269,-0.5534233329304796,0.1537226947780492,0.0999999688109341,False
2,AR1 + Baseline,2.994141988773848,2.8970733352251328,1.1235187167106773,1.0938480376349105,-0.27486838112074363,-0.2773925303877046,0.06451864617632838,0.09982287101184369,False
2,Simple + Advanced,2.2440299364302816,2.0763488066553837,0.9060133691950454,0.8309836423870389,-0.521757029048175,-0.5400352600725533,0.15183110513636286,0.0999936700988856,False
2,AR1 + Advanced,3.0689796866941337,2.9683548173053738,1.1587978760246738,1.1283720133759694,-0.25834730809376627,-0.26087594181577356,0.06529395013902677,0.09980826235923958,False
