seed,strategy,final_equity_gross,final_equity_net,cum_return_gross,cum_return_net,sharpe_gross,sharpe_net,max_drawdown_gross,max_drawdown_net,avg_turnover,max_turnover,avg_max_weight,avg_cost_coeff,avg_realised_tc,has_nan_weights
14,AR1 alpha + Enhanced + One-Step,2.770734685162237,2.504310288910953,1.7707346851622372,1.5043102889109532,1.1340895005401077,1.0341072236076418,-0.2474023664815871,-0.2724213649928384,0.049665242919141456,0.050190785258332454,0.0997007179366317,0.002,9.887759741468522e-05,False
14,Simple alpha + Enhanced + Two-Step,2.7092893096041957,2.446415166914213,1.7092893096041957,1.4464151669142131,1.122828479692714,1.020503350508381,-0.3640949465476425,-0.37972316278906304,0.050046227514011256,0.05073652352292743,0.07289463942878376,0.002,9.97855050343672e-05,False
14,AR1 alpha + Enhanced + Two-Step,2.7043775620103494,2.443030781816762,1.7043775620103494,1.4430307818167618,1.1190340559944927,1.0174471220293546,-0.283632677102563,-0.3081084907987597,0.04999438454040275,0.05074078177072466,0.08043964001004907,0.002,9.938912781412035e-05,False
14,Simple alpha + Enhanced + One-Step,2.526278463330893,2.281634465609977,1.5262784633308928,1.2816344656099772,1.0182873003323416,0.9204926866095543,-0.4055488416173867,-0.4200849209655272,0.04989520732202453,0.05018099413160855,0.09972022337618798,0.002,9.955866848493196e-05,False
14,AR1 alpha + Basic + One-Step,3.0432162783705587,1.9100394894954655,2.0432162783705587,0.9100394894954655,1.2135740404935254,0.7588290813446469,-0.2516058342973426,-0.3681393083188693,0.2179302473131285,1.3650455754795148,0.09984225068140354,0.002,0.00045544363590212526,False
14,AR1 alpha + Basic + Two-Step,3.0501836711077814,1.8909713715085588,2.0501836711077814,0.8909713715085588,1.215629366230884,0.7489526431413108,-0.2526843556996764,-0.3726875041778215,0.22379303054580363,1.4638451439547187,0.09981633486669411,0.002,0.00046749777824492845,False
14,Simple alpha + Basic + One-Step,2.11344718926712,1.3597519244345708,1.11344718926712,0.3597519244345708,0.8572806708922253,0.4262984955607518,-0.41241144680576236,-0.5006291281269224,0.2052450755593299,1.0736668819422945,0.09999793037222111,0.002,0.00043077054621398173,False
14,Simple alpha + Basic + Two-Step,2.114367194162702,1.3495367839184922,1.114367194162702,0.3495367839184922,0.8577967894992979,0.418954437649439,-0.41187169270784185,-0.5019906919917132,0.20900384034291555,1.0706710518286489,0.09997460538905659,0.002,0.00043855630700122034,False
