seed,strategy,final_equity_gross,final_equity_net,sharpe_gross,sharpe_net,max_dd_gross,max_dd_net,avg_turnover,avg_max_weight,has_nan_weights
24,Simple + Baseline,1.607027443228615,1.4893839952023427,0.5700438941415039,0.5000279021136211,-0.43870899487698733,-0.4650759825768175,0.14823967309361474,0.09999983679809334,False
24,AR1 + Baseline,1.9884155622979893,1.9240409604924038,0.7686480769315779,0.7381748653422661,-0.4186782899645555,-0.4277401109132555,0.06423741377276981,0.09982287387535103,False
24,Simple + Advanced,1.6881518293868663,1.5662483834780188,0.6190295418732982,0.5492354205235114,-0.40760134688944905,-0.43498723069885503,0.14612752698001097,0.0999936246662495,False
24,AR1 + Advanced,1.9564019448550303,1.8922763945839527,0.7633703500426383,0.7319107809695597,-0.4062427835932725,-0.4155241865663041,0.06506807759556857,0.09981644665834775,False
