seed,strategy,final_equity_gross,final_equity_net,sharpe_gross,sharpe_net,max_dd_gross,max_dd_net,avg_turnover,avg_max_weight,has_nan_weights
3,Simple + Baseline,2.1418272410747314,1.99159336350828,0.7730914642989248,0.7134325097959323,-0.41995583492323296,-0.4349926307973,0.1417023868703966,0.09999998640068249,False
3,AR1 + Baseline,2.532787248904976,2.4383407617703723,0.9283830944329615,0.8964540728107439,-0.35954911558501734,-0.36403076172517923,0.07425424306483384,0.0998237615999199,False
3,Simple + Advanced,2.072487663230127,1.9269590518153892,0.758684687098474,0.6973368348143879,-0.4176959547970758,-0.43288405807622266,0.14190592021003864,0.09999485473708232,False
3,AR1 + Advanced,2.4824322034456445,2.388684493717756,0.9298909669581991,0.8965726758234362,-0.3384670897852332,-0.3455478676890178,0.07518969936730469,0.09980431458995552,False
