seed,strategy,final_equity_gross,final_equity_net,sharpe_gross,sharpe_net,max_dd_gross,max_dd_net,avg_turnover,avg_max_weight,has_nan_weights
24,Simple + Baseline,1.4778800821291378,1.3901774103727491,0.5229788973633726,0.4595278326533448,-0.44000771693753293,-0.4616905241108614,0.11892745643575467,0.10000003133335679,False
24,AR1 + Baseline,2.328674693286781,2.276383643632415,1.0036683791715129,0.9798210685920722,-0.24643018201182787,-0.24856408174818878,0.04422558460104807,0.09984272948524048,False
24,Simple + Advanced,1.4465972002367251,1.360466471508859,0.5045173083763892,0.43998815868915225,-0.43121165659199345,-0.4528617964454552,0.1193593403881078,0.09999541628790644,False
24,AR1 + Advanced,2.4917964601356535,2.4345256832493463,1.0810822544629108,1.056549945338455,-0.2418762515484587,-0.2441552801490522,0.045319875043042586,0.09983967940671744,False
