seed,strategy,final_equity_gross,final_equity_net,sharpe_gross,sharpe_net,max_dd_gross,max_dd_net,avg_turnover,avg_max_weight,has_nan_weights
22,Simple + Baseline,2.3512839707916973,2.176443753307836,0.8831511406468423,0.8159336199280541,-0.371183376228032,-0.3939473885329341,0.15096921476989067,0.10000002129320905,False
22,AR1 + Baseline,3.3168271196594623,3.2162731019912068,1.1569677929335782,1.1309316984778592,-0.24588864435823354,-0.2500803654395327,0.06021162435021676,0.09982296529448277,False
22,Simple + Advanced,2.3806577234103004,2.203271507719398,0.9086199160883003,0.8396219723542978,-0.3701296755756459,-0.39240775054877874,0.15129841698830643,0.09999419889904627,False
22,AR1 + Advanced,3.289289655546335,3.1889198342351364,1.18242684629503,1.1552530192973454,-0.23486797338982768,-0.23946258560848688,0.06063707068606229,0.0998179951154901,False
