seed,strategy,final_equity_gross,final_equity_net,sharpe_gross,sharpe_net,max_dd_gross,max_dd_net,avg_turnover,avg_max_weight,has_nan_weights
15,Simple + Baseline,3.2195074456779724,2.988503093145482,1.1210786157663928,1.0588943348293363,-0.3972869409719445,-0.4166491007165245,0.14554424438492297,0.10000001618778223,False
15,AR1 + Baseline,3.0081910136890326,2.8959820127323077,1.0649078529311677,1.0332511436187395,-0.26835798928777,-0.2761385359786007,0.0743586567821194,0.09982326626755013,False
15,Simple + Advanced,3.3555779380738935,3.1165458819690213,1.1763312797547998,1.1130540999028053,-0.37143307444983065,-0.3937740376926122,0.14442404935111977,0.09999401728255705,False
15,AR1 + Advanced,2.9972315744130524,2.887002196124936,1.0844148069876176,1.0523092133853449,-0.26418990544373266,-0.27217354752893985,0.07330483408759733,0.099811567808098,False
