seed,strategy,final_equity_gross,final_equity_net,cum_return_gross,cum_return_net,sharpe_gross,sharpe_net,max_drawdown_gross,max_drawdown_net,avg_turnover,max_turnover,avg_max_weight,avg_cost_coeff,avg_realised_tc,has_nan_weights
21,Simple alpha + Enhanced + One-Step,3.5973215499932105,3.253604828391054,2.5973215499932105,2.253604828391054,1.3009842587275189,1.2097162218506174,-0.28267471078865425,-0.2990560201522189,0.049677853778831556,0.0501864478106925,0.0997034566626489,0.002,9.907468976506824e-05,False
21,Simple alpha + Enhanced + Two-Step,2.952688288176941,2.668736395109887,1.9526882881769412,1.668736395109887,1.186510078067483,1.0876686441155605,-0.3251065967288881,-0.34075632540717404,0.050044343294110505,0.05063272688131684,0.0767463779351009,0.002,9.973749675561272e-05,False
21,AR1 alpha + Enhanced + One-Step,2.788850510317044,2.523676872900819,1.7888505103170438,1.5236768729008192,1.0870920223229361,0.9943225864108352,-0.2615526309672215,-0.2864532177193806,0.04958020739170943,0.05019067299814611,0.09969834069373819,0.002,9.857550621735156e-05,False
21,AR1 alpha + Enhanced + Two-Step,2.7005760781492256,2.442025750608998,1.7005760781492256,1.4420257506089982,1.0902512412958518,0.992957077363452,-0.2732956914176554,-0.28989515389610876,0.049993634461854085,0.05086073395037891,0.08117218214775189,0.002,9.929202920667241e-05,False
21,AR1 alpha + Basic + One-Step,2.8527697319489778,1.8677308389854543,1.8527697319489778,0.8677308389854543,1.097002102709423,0.7078710840466252,-0.2627235259186187,-0.34631154701366673,0.19612902698799226,1.1365663776295114,0.09984069778536596,0.002,0.00041730210344871177,False
21,AR1 alpha + Basic + Two-Step,2.8661509084332093,1.8525276816745713,1.8661509084332093,0.8525276816745713,1.1012174114419724,0.7003602245216113,-0.2621230632470387,-0.3507361787983293,0.20212426957983398,1.2625627290507617,0.09981334099675569,0.002,0.0004299905535081203,False
21,Simple alpha + Basic + One-Step,2.776700966565829,1.7804297166789698,1.776700966565829,0.7804297166789698,1.072184850980905,0.6627727353114288,-0.3099526215521061,-0.3740923344244078,0.2045860284334181,1.2000162489289847,0.09999797328117906,0.002,0.00043668377539132547,False
21,Simple alpha + Basic + Two-Step,2.7759268641793784,1.7660528739211063,1.7759268641793784,0.7660528739211063,1.0720747650027391,0.6554548661729418,-0.308850368714897,-0.3743639753546327,0.20813134701453367,1.192442705050068,0.09997505824102453,0.002,0.00044441100359767985,False
