seed,strategy,final_equity_gross,final_equity_net,sharpe_gross,sharpe_net,max_dd_gross,max_dd_net,avg_turnover,avg_max_weight,has_nan_weights
15,Simple + Baseline,2.1841357560526675,2.0541604805870044,0.856979849555993,0.7997591962654449,-0.2340213479438893,-0.23723818277076247,0.11918214506845849,0.10000017834471926,False
15,AR1 + Baseline,1.9192761568218588,1.8719608369152065,0.7288255632579013,0.7060957868540445,-0.30623367815843616,-0.31019718937900354,0.048630590527006176,0.09984350916714971,False
15,Simple + Advanced,2.160693768168324,2.033285899484236,0.8577135703146502,0.8000460968546522,-0.23655432425390843,-0.24280388855270751,0.1181268764290357,0.09999633134998041,False
15,AR1 + Advanced,1.9412516565376507,1.8925425983873205,0.7478049131180122,0.7242794665128159,-0.3111202190489466,-0.3152015150615335,0.049552833670432096,0.09983849012679351,False
