seed,strategy,final_equity_gross,final_equity_net,sharpe_gross,sharpe_net,max_dd_gross,max_dd_net,avg_turnover,avg_max_weight,has_nan_weights
1,Simple + Baseline,2.426811774521823,2.2796395261861293,0.9879993612758254,0.9268357541228657,-0.4258782626233625,-0.43826350099751177,0.1216295790802181,0.10000005878113721,False
1,AR1 + Baseline,3.311774520580716,3.2367770975191443,1.2726802725770747,1.2508569192843453,-0.27378643069934705,-0.2757116265528038,0.04467370117031307,0.09984326147750731,False
1,Simple + Advanced,2.3576933021791358,2.2146176309778527,0.968440010825518,0.9065355194427769,-0.417832081572015,-0.4301086174504464,0.12172632230581762,0.09999590455051975,False
1,AR1 + Advanced,3.3304400828755827,3.253242252797571,1.294391158862492,1.2716834920191586,-0.27403984534839554,-0.2759764125321773,0.04573434616882828,0.09983902945724224,False
