seed,strategy,final_equity_gross,final_equity_net,cum_return_gross,cum_return_net,sharpe_gross,sharpe_net,max_drawdown_gross,max_drawdown_net,avg_turnover,max_turnover,avg_max_weight,avg_cost_coeff,avg_realised_tc,has_nan_weights
19,AR1 alpha + Enhanced + One-Step,2.5725106761812113,2.324635944326304,1.5725106761812113,1.324635944326304,1.1364206635233263,1.0270273611985272,-0.2611506712808077,-0.2902335879670328,0.04984795901613167,0.05025387536250166,0.09970019272412417,0.002,9.908712076988825e-05,False
19,AR1 alpha + Enhanced + Two-Step,2.479448056970323,2.240002219704169,1.4794480569703232,1.2400022197041691,1.1375710789145952,1.022752705076434,-0.20457972347105213,-0.2199487443284902,0.04999038245352321,0.050582190406099375,0.07983997659059354,0.002,9.931163731869693e-05,False
19,Simple alpha + Enhanced + Two-Step,2.16745409571859,1.9571867534771656,1.1674540957185902,0.9571867534771656,0.9896293015467114,0.8735112823464878,-0.25004842157037266,-0.27396754149647284,0.050043782251778274,0.0508011169449772,0.0726757927556842,0.002,9.976149232880332e-05,False
19,Simple alpha + Enhanced + One-Step,2.1512906246046137,1.945499734808011,1.1512906246046137,0.945499734808011,0.9416163761117895,0.8331497481450341,-0.3298142084247577,-0.35797446675541256,0.049359676052458196,0.05022903090713014,0.09991020962950711,0.002,9.830284115173183e-05,False
19,AR1 alpha + Basic + One-Step,2.7239054188995335,1.6353335270078462,1.7239054188995335,0.6353335270078462,1.2013869528581012,0.647319301447376,-0.26607016490547497,-0.3952486827376541,0.2429429808099598,1.44,0.09984146818233022,0.002,0.0004984779298615435,False
19,AR1 alpha + Basic + Two-Step,2.7297691888882887,1.6165280989020063,1.7297691888882887,0.6165280989020063,1.203645357305458,0.6347198331740893,-0.2659707704926456,-0.3991451986751243,0.24961719534182317,1.5482910483238759,0.0998131577650415,0.002,0.0005118735314347031,False
19,Simple alpha + Basic + One-Step,1.981684565574884,1.2795705276899352,0.981684565574884,0.2795705276899352,0.8563596779053052,0.38112698956699415,-0.3260175578587262,-0.43030179750734554,0.20457682139087072,1.3999994343434132,0.09999743148616141,0.002,0.0004268674091775168,False
19,Simple alpha + Basic + Two-Step,1.9821901462836649,1.2705301837611247,0.9821901462836649,0.2705301837611247,0.8568197667543108,0.3734958747305676,-0.3256172194714707,-0.4324564980662604,0.2082119166984137,1.391353669436395,0.09997578920457345,0.002,0.0004340557704299343,False
