seed,strategy,final_equity_gross,final_equity_net,cum_return_gross,cum_return_net,sharpe_gross,sharpe_net,max_drawdown_gross,max_drawdown_net,avg_turnover,max_turnover,avg_max_weight,avg_cost_coeff,avg_realised_tc,has_nan_weights
5,Simple alpha + Enhanced + Two-Step,3.1352814831535025,2.8314662851441854,2.1352814831535025,1.8314662851441854,1.1771389746844874,1.0843405723413109,-0.3351536953877262,-0.34982017979724067,0.050041297132869894,0.050562633035836864,0.07527394846164952,0.002,9.987338072302442e-05,False
5,AR1 alpha + Enhanced + Two-Step,2.9713541378257284,2.6844509298477646,1.9713541378257284,1.6844509298477646,1.1256409944923165,1.03344220562228,-0.25343978979999127,-0.2665701240188726,0.049990591032611206,0.050613217304684474,0.07751502210438609,0.002,9.951922588580234e-05,False
5,Simple alpha + Enhanced + One-Step,3.1405828414520687,2.836828766160702,2.1405828414520687,1.8368287661607021,1.119240703271938,1.0327219989779834,-0.3427645993822127,-0.3676480399841655,0.04992021740274686,0.050366851668978224,0.09970282788527306,0.002,9.965958905817599e-05,False
5,AR1 alpha + Enhanced + One-Step,2.7173240339794993,2.455426468985849,1.7173240339794993,1.455426468985849,0.9467337477516987,0.8660408821834056,-0.3049589396619542,-0.3364062060584079,0.049867530589912216,0.05031849901216419,0.09970067914781791,0.002,9.932867759342646e-05,False
5,AR1 alpha + Basic + One-Step,3.1006380756068523,1.867134405446129,2.1006380756068523,0.867134405446129,1.0939535539447693,0.6690179435624468,-0.23105801701619577,-0.36467026559399296,0.23921683092810136,1.0752902292312319,0.09984179723615114,0.002,0.0004967818540615923,False
5,AR1 alpha + Basic + Two-Step,3.0872968430551304,1.8371513411342464,2.0872968430551304,0.8371513411342464,1.0902776589102263,0.6553766318421311,-0.2294905097787875,-0.36844961668591847,0.24494437411628184,1.1299451338362523,0.09981333621961218,0.002,0.0005083814059878749,False
5,Simple alpha + Basic + One-Step,2.594551520329588,1.6766964405270768,1.594551520329588,0.6766964405270768,0.9577931272954012,0.5852041298371293,-0.40075927235650566,-0.5021615868820242,0.20156084769488403,1.199997832305127,0.09999797448598556,0.002,0.00042702805730106405,False
5,Simple alpha + Basic + Two-Step,2.602281264243918,1.6697044655971858,1.602281264243918,0.6697044655971858,0.9603091074478264,0.5816548184480523,-0.4000800749304154,-0.5036095523176836,0.20486303945328824,1.1944907991531768,0.09997383214619787,0.002,0.0004340529211173162,False
