seed,strategy,final_equity_gross,final_equity_net,sharpe_gross,sharpe_net,max_dd_gross,max_dd_net,avg_turnover,avg_max_weight,has_nan_weights
10,Simple + Baseline,2.192243526639346,2.0627479593891103,0.8628825241788626,0.8059288803503454,-0.20409327919655806,-0.20642636794431357,0.11848868827541961,0.100000207766375,False
10,AR1 + Baseline,3.136445299210529,3.0425386848247453,1.1705495643729407,1.1430283355965303,-0.3220584442857932,-0.3262022551492254,0.059302164662524054,0.09984338298481092,False
10,Simple + Advanced,2.2518524233998893,2.121582956444788,0.8962191817657666,0.8397586960319117,-0.20125309561782845,-0.21032021748059193,0.11601455627487132,0.09999634037856205,False
10,AR1 + Advanced,3.025402522797939,2.9360960772334646,1.1588094521743404,1.1310398355667233,-0.30328892028705046,-0.30750332556232807,0.05845884823155963,0.09983910537693348,False
