seed,strategy,final_equity_gross,final_equity_net,sharpe_gross,sharpe_net,max_dd_gross,max_dd_net,avg_turnover,avg_max_weight,has_nan_weights
20,Simple + Baseline,2.5063739505199023,2.3540392268719157,0.9247595567640724,0.8712552893272054,-0.35394950795491675,-0.3632749298861325,0.12196678005168476,0.10000000959925166,False
20,AR1 + Baseline,3.768009236114314,3.6458187004778173,1.2444574106129953,1.2171817222302985,-0.21795395857478983,-0.22400883130670535,0.06422434743710137,0.09984313660717861,False
20,Simple + Advanced,2.4768648613624693,2.3294979128651603,0.9259588522739935,0.8727184070358606,-0.34545719306325406,-0.35973061128484285,0.11935516459378313,0.09999608075639571,False
20,AR1 + Advanced,3.520330946573448,3.407962047537423,1.2030737668741165,1.1757438321870775,-0.2071860686674617,-0.21331329874413174,0.06316503091739695,0.09983868494860411,False
