seed,strategy,final_equity_gross,final_equity_net,cum_return_gross,cum_return_net,sharpe_gross,sharpe_net,max_drawdown_gross,max_drawdown_net,avg_turnover,max_turnover,avg_max_weight,avg_cost_coeff,avg_realised_tc,has_nan_weights
25,AR1 alpha + Enhanced + One-Step,2.9469439542537446,2.6642225718755084,1.9469439542537446,1.6642225718755084,1.1986650039254374,1.0985332710436317,-0.21020183248961888,-0.22309946237374179,0.049413356344456455,0.0502184592627806,0.0996371995348895,0.002,9.863723618248626e-05,False
25,AR1 alpha + Enhanced + Two-Step,2.7107645130649574,2.449066264185063,1.7107645130649574,1.449066264185063,1.1385102380605348,1.0350535272635983,-0.1994373313147968,-0.21238657793051408,0.049944667235314405,0.050819906208650796,0.07805437370717791,0.002,9.928207232531875e-05,False
25,Simple alpha + Enhanced + Two-Step,2.1139612189623125,1.908879417961156,1.1139612189623125,0.9088794179611559,0.8942414081836543,0.7885980788421645,-0.31696146732305575,-0.33476053775473746,0.05004264973639094,0.05059030210693026,0.0744884870608888,0.002,9.9742572314276e-05,False
25,AR1 alpha + Basic + One-Step,3.0929081796361406,1.9479803120422414,2.0929081796361406,0.9479803120422414,1.232682579161682,0.779629490198538,-0.1996877526576032,-0.2721661111113891,0.21391777069842627,1.1568680196888261,0.09984194728631489,0.002,0.00045195818230109487,False
25,AR1 alpha + Basic + Two-Step,3.105437464884622,1.9305882230523193,2.105437464884622,0.9305882230523193,1.2367063552207633,0.7709826359969068,-0.19962868329685235,-0.27580947372761033,0.2201886871340556,0.9924788682357519,0.09981795466008761,0.002,0.0004647311977298498,False
25,Simple alpha + Enhanced + One-Step,1.7090743455983284,1.543590560853184,0.7090743455983284,0.5435905608531839,0.6513676241086415,0.5514291566127056,-0.36984459682564474,-0.39229734533355354,0.049846715074534566,0.05025852352929011,0.09977903460118073,0.002,9.950726035874412e-05,False
25,Simple alpha + Basic + One-Step,1.851584002042149,1.2311020929161531,0.851584002042149,0.23110209291615313,0.7294203002143648,0.32955463580937666,-0.39847340344297855,-0.4778511254266431,0.1929460566373999,0.8000241451451311,0.09999791887241308,0.002,0.00039871210897496513,False
25,Simple alpha + Basic + Two-Step,1.8522706817309016,1.2215619726344387,0.8522706817309016,0.22156197263443866,0.7297604630963784,0.3219314287572678,-0.39819782853666164,-0.4797126222956285,0.19684677049875612,0.7970035627932618,0.09997553304003529,0.002,0.000406686731173287,False
