seed,strategy,final_equity_gross,final_equity_net,sharpe_gross,sharpe_net,max_dd_gross,max_dd_net,avg_turnover,avg_max_weight,has_nan_weights
2,Simple + Baseline,2.1749531431871363,2.040239241947256,0.8964401192581666,0.8325830025826093,-0.36256561062886017,-0.37388034070125364,0.12416986272288935,0.09999992754260864,False
2,AR1 + Baseline,2.8496373781047333,2.7789413153314024,1.1213409896619828,1.0975235281974027,-0.28413568970534964,-0.2904849474467679,0.04884795590566793,0.09984295838136074,False
2,Simple + Advanced,2.2315800791902674,2.0947918226417164,0.9225240443367031,0.8593200602678477,-0.3479378198962231,-0.35751209854220545,0.1228627311068467,0.09999618174988162,False
2,AR1 + Advanced,2.767140684210961,2.698909977784839,1.1089768114584513,1.0848572173763396,-0.27828388208028443,-0.2845020069232638,0.0485381810361587,0.09983780154052181,False
