seed,strategy,final_equity_gross,final_equity_net,sharpe_gross,sharpe_net,max_dd_gross,max_dd_net,avg_turnover,avg_max_weight,has_nan_weights
13,Simple + Baseline,2.39442102387574,2.2570276876887343,0.9560096937022928,0.8998144694169766,-0.2395946529252545,-0.2413490214275309,0.11472847041833978,0.10000020959939707,False
13,AR1 + Baseline,2.5886991096842147,2.524051091355027,1.0181796097570157,0.9946952502666911,-0.2326952562006087,-0.2374587912024988,0.049240594567201236,0.09984335893206661,False
13,Simple + Advanced,2.394067093826018,2.255707766508576,0.9619399368436785,0.9048592025072784,-0.2295266911438434,-0.2313144580252673,0.11559603132672619,0.09999643618550362,False
13,AR1 + Advanced,2.541085677438188,2.476698050546996,1.011417783262914,0.9872152490858298,-0.22962478816738185,-0.23429133806479696,0.04994687068491448,0.09983756229094277,False
