seed,strategy,final_equity_gross,final_equity_net,sharpe_gross,sharpe_net,max_dd_gross,max_dd_net,avg_turnover,avg_max_weight,has_nan_weights
23,Simple + Baseline,3.798222812834761,3.529479011796164,1.249906150453465,1.1891749806023753,-0.325153372244781,-0.3465693799724634,0.14347057842520433,0.10000008457455356,False
23,AR1 + Baseline,4.673113198128084,4.538636101467093,1.4013713443510043,1.3776313766848864,-0.2907375598385731,-0.2939113973197657,0.05709688408808293,0.09982337479974063,False
23,Simple + Advanced,3.8002462101284706,3.533778477463909,1.2664947791116004,1.2052891402462362,-0.3280116078352334,-0.3353368912388405,0.14212029761602177,0.09999502845055924,False
23,AR1 + Advanced,4.7366312559066,4.595119362869164,1.4455941648682349,1.4202118095707004,-0.27572249043712427,-0.27907677053686464,0.05932929142305138,0.09981739862282277,False
