seed,strategy,final_equity_gross,final_equity_net,sharpe_gross,sharpe_net,max_dd_gross,max_dd_net,avg_turnover,avg_max_weight,has_nan_weights
11,Simple + Baseline,2.611885148363991,2.4301082209209572,0.9466603963096979,0.8863826269309752,-0.40970861236748235,-0.4377010886277438,0.1408763987846802,0.09999996194344146,False
11,AR1 + Baseline,2.013829678168289,1.9406634745255045,0.7621935317210635,0.7291884539537878,-0.261451910624804,-0.2640386305786898,0.07231947805277997,0.09982302162074251,False
11,Simple + Advanced,2.4243974394913463,2.255616212045469,0.896251676296259,0.8348320671620932,-0.3943008038106871,-0.4224088112591369,0.1409557678864257,0.09999426295619018,False
11,AR1 + Advanced,1.9026464389772804,1.8330793662459353,0.7235030512222081,0.6893662835950338,-0.25760885849059534,-0.26482719970040836,0.07276185204836133,0.09981660286149716,False
