seed,strategy,final_equity_gross,final_equity_net,sharpe_gross,sharpe_net,max_dd_gross,max_dd_net,avg_turnover,avg_max_weight,has_nan_weights
8,Simple + Baseline,2.046698155807752,1.8957161155279394,0.7693857063407502,0.7018859065741725,-0.32882481131287533,-0.3521268354674455,0.1493372228042337,0.100000113988791,False
8,AR1 + Baseline,2.428026086952154,2.343052087758642,0.9098491251043628,0.8789988427695556,-0.2919566404960413,-0.3012816633097314,0.06951440682500643,0.0998235650396107,False
8,Simple + Advanced,2.068785699059911,1.9177404902922566,0.787492165712639,0.7195644570761224,-0.3213412602221858,-0.34453351014825795,0.14776818918080944,0.09999445457578358,False
8,AR1 + Advanced,2.5069764057653368,2.4171377896940327,0.9630303558641309,0.9302223769951414,-0.28460996323547616,-0.288865694702616,0.07123467073187978,0.09981664064217624,False
