seed,strategy,final_equity_gross,final_equity_net,sharpe_gross,sharpe_net,max_dd_gross,max_dd_net,avg_turnover,avg_max_weight,has_nan_weights
19,Simple + Baseline,2.7534482847135417,2.5663284974988203,1.0152260377593127,0.9542528939027509,-0.20106985354507922,-0.21136038601635565,0.13756082195476316,0.09999991907051098,False
19,AR1 + Baseline,2.541130758386377,2.4534608370851925,0.9696413994025312,0.93830662818518,-0.21836151096711653,-0.2236659306337173,0.06870694491906747,0.09982309474908867,False
19,Simple + Advanced,2.737831571165375,2.553094087654963,1.0203240446994286,0.9589725810324793,-0.19337349493249012,-0.21607641041548709,0.1365459639891475,0.09999405824466125,False
19,AR1 + Advanced,2.56825202406993,2.4778589028227485,0.9986111546447759,0.9657833292033671,-0.21073379093759714,-0.21611958345976345,0.07014974888668163,0.09981675992155614,False
