seed,strategy,final_equity_gross,final_equity_net,sharpe_gross,sharpe_net,max_dd_gross,max_dd_net,avg_turnover,avg_max_weight,has_nan_weights
1,Simple + Baseline,3.7535928214042413,3.4940046371117366,1.3365263539542054,1.2710424963062432,-0.3337998965887077,-0.3445850019541081,0.13989303552099447,0.09999993856646751,False
1,AR1 + Baseline,3.65231038318874,3.5338367862328757,1.2564173425824807,1.2280222463812382,-0.2994242953610329,-0.30521441269907856,0.06442254974644032,0.09982315565560124,False
1,Simple + Advanced,3.7924358864234455,3.5315077571196145,1.3686514041734916,1.3022054934252394,-0.3379078612010601,-0.3479320565294439,0.13919349263009073,0.09999360054914916,False
1,AR1 + Advanced,3.66783301809734,3.548204199137333,1.2959457004054453,1.2663378715128004,-0.27761816121842,-0.28343205572867525,0.06478541720611528,0.09979342360037413,False
