seed,strategy,final_equity_gross,final_equity_net,sharpe_gross,sharpe_net,max_dd_gross,max_dd_net,avg_turnover,avg_max_weight,has_nan_weights
25,Simple + Baseline,1.4690858083278249,1.3617943050071186,0.48384724083411706,0.41535943422973165,-0.5555563357114748,-0.5769779556980864,0.14882086893509344,0.09999993073718165,False
25,AR1 + Baseline,2.936979625679555,2.834872642015092,1.0883849892451922,1.0572474081405077,-0.29849383204283086,-0.3118601874134538,0.0695589814785143,0.09982243402084778,False
25,Simple + Advanced,1.4673361403272183,1.3600702767859822,0.48900073142454653,0.4184972008280638,-0.5342301145705937,-0.5561281798585707,0.14898669766692402,0.09999430987948858,False
25,AR1 + Advanced,3.0582254285899366,2.952121712849406,1.1548495247880577,1.1226868430786319,-0.26594605546576133,-0.28000651449205194,0.06944494989836163,0.0998149792233876,False
