seed,strategy,final_equity_gross,final_equity_net,sharpe_gross,sharpe_net,max_dd_gross,max_dd_net,avg_turnover,avg_max_weight,has_nan_weights
17,Simple + Baseline,2.5262583478715745,2.3495830800575987,0.9858289458884113,0.9189567363685424,-0.35953415771344566,-0.37821760615607036,0.14180085005274393,0.10000004523341034,False
17,AR1 + Baseline,2.532367065091158,2.4557896995532134,0.9930808663460499,0.9645885100699165,-0.21422528900733995,-0.21548421224078362,0.06005191229018644,0.0998228305654008,False
17,Simple + Advanced,2.7329458095522514,2.5440829492390504,1.0707410647138644,1.0036558295790208,-0.35802264875024037,-0.37644596090480653,0.14010933267465916,0.09999420475856832,False
17,AR1 + Advanced,2.5395218054005744,2.4623893871779576,1.0164857681399901,0.987040302358995,-0.2062714539341607,-0.2077317134985308,0.060315111895861445,0.09980151711587315,False
