seed,strategy,final_equity_gross,final_equity_net,sharpe_gross,sharpe_net,max_dd_gross,max_dd_net,avg_turnover,avg_max_weight,has_nan_weights
17,Simple + Baseline,2.4076660020560703,2.2699286301884904,0.9710872999156134,0.914238138680523,-0.400878609450242,-0.4159349102309623,0.11476540793630978,0.09999990856900665,False
17,AR1 + Baseline,3.7586259658751566,3.6645847276546655,1.4010293499659667,1.3768168101350284,-0.1967013585445001,-0.19778176416970628,0.049559384409171695,0.09984304724768649,False
17,Simple + Advanced,2.364845212569197,2.229792952378267,0.9589242287504925,0.9017877150181733,-0.39279692104131925,-0.40769937169586157,0.11456727042223118,0.09999535622313391,False
17,AR1 + Advanced,3.76564365410317,3.6702218622147798,1.4028590784568775,1.3783896788988217,-0.18139346760818253,-0.18247913719842102,0.05022790990759959,0.0998379694659785,False
