seed,strategy,final_equity_gross,final_equity_net,cum_return_gross,cum_return_net,sharpe_gross,sharpe_net,max_drawdown_gross,max_drawdown_net,avg_turnover,max_turnover,avg_max_weight,avg_cost_coeff,avg_realised_tc,has_nan_weights
18,AR1 alpha + Enhanced + One-Step,2.9641902532606035,2.6802283125532544,1.9641902532606035,1.6802283125532544,1.1735387451389039,1.0769028608205047,-0.21740289571587212,-0.24168556790363493,0.04955649773790712,0.05039456089411649,0.09970008468050778,0.002,9.870675992584221e-05,False
18,AR1 alpha + Enhanced + Two-Step,2.630862120809703,2.377337939011017,1.6308621208097032,1.3773379390110172,1.088781721832104,0.9878755973619383,-0.1881130934772729,-0.21359201510510095,0.049995287497260496,0.050800710232970114,0.08085933951638476,0.002,9.930355979909958e-05,False
18,Simple alpha + Enhanced + Two-Step,2.1656600757041367,1.9559067284791047,1.1656600757041367,0.9559067284791047,0.9099366318658414,0.8060051279272924,-0.20820313920855837,-0.2268150648503937,0.05004458554645566,0.05056919192991009,0.07355066216381215,0.002,9.979099475676376e-05,False
18,AR1 alpha + Basic + One-Step,3.16267570284361,2.036243133065557,2.16267570284361,1.036243133065557,1.2019232771319954,0.792709637737961,-0.19495478945178557,-0.25943933921391116,0.21315052028469939,1.3519181955609625,0.09984105420047694,0.002,0.0004310206463280823,False
18,AR1 alpha + Basic + Two-Step,3.159837327983193,2.0091939382466504,2.159837327983193,1.0091939382466504,1.2008532073563454,0.7801610167536973,-0.1950835799668389,-0.2615801762164054,0.21919111589574394,1.4555502170251313,0.09981512583997727,0.002,0.00044323163528282405,False
18,Simple alpha + Enhanced + One-Step,2.0455722145778816,1.8476687164457684,1.0455722145778816,0.8476687164457684,0.8137288659889664,0.7164289310446256,-0.22593782781936955,-0.23314687143564883,0.049984105220529734,0.05021906798892453,0.09956714130166935,0.002,9.96712950321221e-05,False
18,Simple alpha + Basic + One-Step,1.8997125148140224,1.234163761500453,0.8997125148140224,0.23416376150045304,0.7382783428074148,0.32955303124823304,-0.25608051274973653,-0.28993841273886023,0.204771815201713,1.199999347270892,0.09999750229916293,0.002,0.0004219086858568288,False
18,Simple alpha + Basic + Two-Step,1.9036642273666748,1.2275616365071038,0.9036642273666748,0.22756163650710381,0.740224116592886,0.3244687703548903,-0.2564513014174795,-0.2907506714716145,0.2083999063177101,1.1929296856755258,0.09997340122305473,0.002,0.000429205868283208,False
