seed,strategy,final_equity_gross,final_equity_net,cum_return_gross,cum_return_net,sharpe_gross,sharpe_net,max_drawdown_gross,max_drawdown_net,avg_turnover,max_turnover,avg_max_weight,avg_cost_coeff,avg_realised_tc,has_nan_weights
8,Simple alpha + Enhanced + Two-Step,2.869313981384956,2.5916061449062218,1.869313981384956,1.5916061449062218,1.18824321025491,1.085433355883975,-0.1965394713098948,-0.2165546640318904,0.05004382613396394,0.05070490001310193,0.07573830744658605,0.002,9.973709540011025e-05,False
8,AR1 alpha + Enhanced + Two-Step,2.831242151523092,2.558625743765127,1.8312421515230919,1.558625743765127,1.1815852828649855,1.0786284109424236,-0.21504269360889128,-0.2510569965685203,0.04998859489897511,0.050807784222150904,0.07607859119150391,0.002,9.921719443495161e-05,False
8,Simple alpha + Enhanced + One-Step,2.8457096348745945,2.571560548067311,1.8457096348745945,1.571560548067311,1.1132966234297634,1.0183000962042756,-0.19117555598895852,-0.20121008435684296,0.04979624953631551,0.050302522967847735,0.09962801341976749,0.002,9.924561755058528e-05,False
8,AR1 alpha + Enhanced + One-Step,2.7119058663121494,2.4511413086149156,1.7119058663121494,1.4511413086149156,1.0968093255313864,0.9986732242478663,-0.2813247583994465,-0.31079077330647764,0.049876732915512166,0.05046814857070073,0.09969484002308708,0.002,9.90619744591163e-05,False
8,Simple alpha + Basic + One-Step,2.64000528336995,1.7651884161660216,1.64000528336995,0.7651884161660216,1.0397389077997978,0.6630060661767575,-0.2653765383049411,-0.3223094107009338,0.19305837850358284,1.1460288424704754,0.099997672857302,0.002,0.00039381340805422893,False
8,Simple alpha + Basic + Two-Step,2.648836925771554,1.7593749272204338,1.6488369257715538,0.7593749272204338,1.0429175239995516,0.659959701888533,-0.26519296616797616,-0.32279220409093645,0.19628061191682528,1.1377593554967231,0.09997486981563304,0.002,0.0004003195666021768,False
8,AR1 alpha + Basic + One-Step,2.683858245213472,1.5404104403873617,1.683858245213472,0.5404104403873617,1.06524322028235,0.5391825322928901,-0.27724247894935306,-0.4084639673302132,0.25468057162723884,1.599999997491542,0.09984146045599537,0.002,0.0005433802722370025,False
8,AR1 alpha + Basic + Two-Step,2.6948082120393906,1.5260998114126647,1.6948082120393906,0.5260998114126647,1.0691091416469352,0.530373300730208,-0.2768610681165308,-0.4133665647452983,0.2610870938717328,1.5884436242328215,0.09981292954178506,0.002,0.0005565265631897448,False
