seed,strategy,final_equity_gross,final_equity_net,sharpe_gross,sharpe_net,max_dd_gross,max_dd_net,avg_turnover,avg_max_weight,has_nan_weights
9,Simple + Baseline,2.3053475541186423,2.167714068727969,0.8557392559794408,0.8030206321258818,-0.5425553993889242,-0.5560106127354458,0.11974197148576408,0.1000002686504942,False
9,AR1 + Baseline,2.1748665418267548,2.1171542606334492,0.8346033009399823,0.8104773762278863,-0.47448816173487174,-0.4792136947964597,0.05247489951308343,0.09984348081586453,False
9,Simple + Advanced,2.302941114774911,2.1655848400414075,0.8611707249720835,0.8079166311137573,-0.5320396218015725,-0.5455209032027221,0.1196193898955307,0.09999639932547089,False
9,AR1 + Advanced,2.417513840146967,2.35506781182659,0.9407718875184188,0.9169175429584011,-0.44231691422301067,-0.44733325166356197,0.05108189356054331,0.09983868553839191,False
