seed,strategy,final_equity_gross,final_equity_net,sharpe_gross,sharpe_net,max_dd_gross,max_dd_net,avg_turnover,avg_max_weight,has_nan_weights
7,Simple + Baseline,1.8589997012338944,1.7511427866116733,0.6898322535379955,0.6362206000789352,-0.4401381207791657,-0.46150070284586364,0.11614816741245088,0.10000005239853772,False
7,AR1 + Baseline,1.8642143214453677,1.8214910726450166,0.7447042316987321,0.7215454224898044,-0.3518817406596988,-0.3548284359607088,0.045181701445440016,0.09984280333564641,False
7,Simple + Advanced,1.7861447246297504,1.6824169100905497,0.6614993432101901,0.6068354770007257,-0.420928105550328,-0.44275093437986734,0.11624053491724147,0.09999638148653525,False
7,AR1 + Advanced,2.010960312278599,1.9640854678762638,0.8211954966894963,0.797671728708151,-0.34667581916997214,-0.34953063296770437,0.04601919186528501,0.09983925510370503,False
