seed,strategy,final_equity_gross,final_equity_net,sharpe_gross,sharpe_net,max_dd_gross,max_dd_net,avg_turnover,avg_max_weight,has_nan_weights
14,Simple + Baseline,2.5603763114975626,2.4078036217387533,1.0212029475640507,0.9626622133409675,-0.41921250000232113,-0.4334036488096369,0.11933022733721667,0.09999991329346646,False
14,AR1 + Baseline,3.104822975219661,3.0283961707858897,1.229174022568871,1.205002399907158,-0.22979074059361537,-0.23417809039562298,0.04852856614484176,0.09984363842436599,False
14,Simple + Advanced,2.5628207927950823,2.4073864122570434,1.0313772953367062,0.9710719880651635,-0.4146717991744113,-0.42833216251429485,0.12154979360161298,0.0999964537536055,False
14,AR1 + Advanced,3.0492755949068244,2.9725803528568546,1.226023142361618,1.2009445110440693,-0.2221171392012833,-0.22678729619157945,0.049598706506228024,0.09983841946323198,False
