seed,strategy,final_equity_gross,final_equity_net,sharpe_gross,sharpe_net,max_dd_gross,max_dd_net,avg_turnover,avg_max_weight,has_nan_weights
12,Simple + Baseline,2.379874662658107,2.2459994846672373,0.921318694420854,0.8684692324339581,-0.340599429685557,-0.35194789127879245,0.11231668212258189,0.10000005458311764,False
12,AR1 + Baseline,1.7152299402200542,1.6777559548612648,0.6445481642578709,0.623368774613341,-0.4369507666913386,-0.44167654942663537,0.042914618171845755,0.09984324616247514,False
12,Simple + Advanced,2.4011606008985535,2.265903961853094,0.929559085396689,0.8766084570208339,-0.3383237531345967,-0.347605946357468,0.11246990169240607,0.09999596056818752,False
12,AR1 + Advanced,1.798645760490181,1.7586445003464026,0.6935263029871344,0.6718073505606077,-0.405120932097627,-0.40884905115315817,0.04372007533007319,0.09983851947523206,False
