seed,strategy,final_equity_gross,final_equity_net,sharpe_gross,sharpe_net,max_dd_gross,max_dd_net,avg_turnover,avg_max_weight,has_nan_weights
16,Simple + Baseline,2.162300003470247,2.0048607602084725,0.8068955120710212,0.7416559399416633,-0.5254606966755069,-0.5422975272172201,0.14764990008654777,0.10000005768319453,False
16,AR1 + Baseline,2.767870996108803,2.6740073075794095,1.0188224351244517,0.9891282206384472,-0.32392984938923464,-0.33166151521889276,0.0674653985870536,0.09982324365307849,False
16,Simple + Advanced,2.2679176452558685,2.104248238253725,0.8631418790601525,0.7967468670688342,-0.5019048977121532,-0.5193341382185424,0.14631657291017222,0.09999455715479576,False
16,AR1 + Advanced,2.8505974748006855,2.753573594319065,1.062589130590768,1.0320419607396984,-0.3086602750418437,-0.31687696743769767,0.06770577865200769,0.09981649439638816,False
