seed,strategy,final_equity_gross,final_equity_net,cum_return_gross,cum_return_net,sharpe_gross,sharpe_net,max_drawdown_gross,max_drawdown_net,avg_turnover,max_turnover,avg_max_weight,avg_cost_coeff,avg_realised_tc,has_nan_weights
4,AR1 alpha + Enhanced + One-Step,2.7540202392923687,2.4912824772948134,1.7540202392923687,1.4912824772948134,1.0705857924261335,0.9780877030549361,-0.3503832552150091,-0.37169787244271835,0.04974384547776866,0.05036748205455743,0.09964442321038731,0.002,9.875026370161846e-05,False
4,AR1 alpha + Enhanced + Two-Step,2.4673476362536224,2.2309784100534396,1.4673476362536224,1.2309784100534396,0.9921535899561115,0.8961705439593013,-0.3225527029495645,-0.351831539349302,0.049994829694800576,0.050811160821754284,0.08244624576187695,0.002,9.917018038095392e-05,False
4,Simple alpha + Enhanced + Two-Step,2.2502527068006755,2.0335698849068375,1.2502527068006755,1.0335698849068375,0.9085907168688259,0.8113376793843063,-0.3605974036156394,-0.38850461583895557,0.050037995077847196,0.050597346824593464,0.07205800464253573,0.002,9.966258937205056e-05,False
4,Simple alpha + Enhanced + One-Step,2.1384183575757785,1.9329376245205347,1.1384183575757785,0.9329376245205347,0.8253523066986316,0.733892827681219,-0.41561475452533303,-0.4413655376540453,0.04992786427063249,0.050348366645444134,0.09953393950860731,0.002,9.944310996498486e-05,False
4,AR1 alpha + Basic + One-Step,2.541023197716773,1.563688537028494,1.5410231977167732,0.5636885370284941,0.9923379368683383,0.5462937519204885,-0.37147607016261586,-0.4543616517149316,0.22444438537992306,1.597791833915756,0.09984075452267369,0.002,0.0004779956525146189,False
4,AR1 alpha + Basic + Two-Step,2.539770940793382,1.5446424961056762,1.5397709407933822,0.5446424961056762,0.9917883945730485,0.5349962911308308,-0.3715635597330881,-0.45734613548127034,0.23037053644009123,1.5878938266120959,0.09981318711600733,0.002,0.0004895832767835272,False
4,Simple alpha + Basic + One-Step,1.7594289352624237,1.1199055736273442,0.7594289352624237,0.11990557362734422,0.6437085421162545,0.24013456000123318,-0.4126701462913054,-0.5173139166803209,0.21343021811131535,1.3050371916995993,0.09999788672305454,0.002,0.00044373623862573416,False
4,Simple alpha + Basic + Two-Step,1.759283876436897,1.1111722906408867,0.759283876436897,0.11117229064088674,0.6437426872010722,0.2331333294926622,-0.41293033017200476,-0.5194396881930652,0.21712798979707462,1.2978624197992437,0.09997188374606344,0.002,0.0004513554643803328,False
