seed,strategy,final_equity_gross,final_equity_net,cum_return_gross,cum_return_net,sharpe_gross,sharpe_net,max_drawdown_gross,max_drawdown_net,avg_turnover,max_turnover,avg_max_weight,avg_cost_coeff,avg_realised_tc,has_nan_weights
11,AR1 alpha + Enhanced + One-Step,3.1569262295634264,2.8557450049409425,2.1569262295634264,1.8557450049409425,1.2998296206587208,1.1972090546666976,-0.17517818971766475,-0.20413292288364193,0.04960285982061084,0.05035453876031431,0.0996986019489812,0.002,9.855818678559559e-05,False
11,AR1 alpha + Enhanced + Two-Step,2.7655753836086374,2.4996511402508745,1.7655753836086374,1.4996511402508745,1.1947965130073457,1.087848183440154,-0.18126092791837,-0.22050314076806798,0.0499975490630201,0.05089506093958362,0.08167276060965162,0.002,9.935419195235456e-05,False
11,Simple alpha + Enhanced + Two-Step,2.3987853697182455,2.1670667879609944,1.3987853697182455,1.1670667879609944,1.0707974159015914,0.959709027664857,-0.30608337780615347,-0.3375228919694807,0.05004088062457796,0.050626685307469256,0.07357642441242965,0.002,9.980318558308179e-05,False
11,Simple alpha + Enhanced + One-Step,2.338287608703976,2.1139760488114514,1.338287608703976,1.1139760488114514,0.9891251067291552,0.8861289038062731,-0.3646610938442828,-0.39023292450349,0.04972183842034378,0.050251679524392405,0.09989544261089225,0.002,9.906662984987502e-05,False
11,AR1 alpha + Basic + One-Step,3.0638207671516295,1.945775161956613,2.0638207671516295,0.945775161956613,1.2552219363845813,0.7955634420405165,-0.19924446381678385,-0.32002449133236577,0.21396142803497328,1.52,0.0998410055705396,0.002,0.0004458165200164906,False
11,AR1 alpha + Basic + Two-Step,3.051993516020591,1.9125238607498056,2.051993516020591,0.9125238607498056,1.2515301080795198,0.778246721966217,-0.20090397937229065,-0.32542154331628736,0.2202699286491975,1.548418326855196,0.09981504801125486,0.002,0.000458943897415419,False
11,Simple alpha + Basic + One-Step,1.9405612578123472,1.2466190425529806,0.9405612578123472,0.24661904255298062,0.8116153917571217,0.3487210685261248,-0.3546742738427311,-0.46973258626078185,0.20822235564242467,0.8000164781856176,0.09999753088117422,0.002,0.000434260167180339,False
11,Simple alpha + Basic + Two-Step,1.9383866299152117,1.2346389561957585,0.9383866299152117,0.23463895619575847,0.8104446688427994,0.3386353649053464,-0.35535833925906557,-0.47276375019732564,0.21228020433029804,0.7959345857114191,0.0999746729599116,0.002,0.000442650474418321,False
