seed,strategy,final_equity_gross,final_equity_net,sharpe_gross,sharpe_net,max_dd_gross,max_dd_net,avg_turnover,avg_max_weight,has_nan_weights
13,Simple + Baseline,2.413726237716986,2.2457184053733346,0.8674620238610682,0.808592852074042,-0.46847431036395837,-0.4821622127546168,0.14031308272759796,0.10000006656462251,False
13,AR1 + Baseline,3.050977948831246,2.9453496019593577,1.084024637965691,1.0543497150081167,-0.2985999846883407,-0.3052016596189947,0.06861690595955072,0.09982408338666592,False
13,Simple + Advanced,2.368942457534618,2.2023031724415927,0.8656506821142613,0.8047113551290237,-0.4498210487927665,-0.4637610119334805,0.14188677547204623,0.09999465906184196,False
13,AR1 + Advanced,2.7962339508085514,2.698684023052541,1.0403899584115004,1.0092856502862733,-0.30803403810826646,-0.3147288379737969,0.06917039067588467,0.09981613288647434,False
