seed,strategy,final_equity_gross,final_equity_net,sharpe_gross,sharpe_net,max_dd_gross,max_dd_net,avg_turnover,avg_max_weight,has_nan_weights
3,Simple + Baseline,2.7832277497623465,2.623725595060459,1.0190412154007018,0.9682699237670552,-0.34904267032052794,-0.36282426990154404,0.11481738555240621,0.10000013580855965,False
3,AR1 + Baseline,3.4789420591768274,3.391662595900746,1.2098444534917279,1.1881105924632336,-0.22696355817192815,-0.2304623053288879,0.0495606134346952,0.09984359232282196,False
3,Simple + Advanced,2.83684842209595,2.6756131632522355,1.046870706242655,0.9957336519922412,-0.33169010017734435,-0.3461416596688013,0.11382510456426478,0.09999657640390669,False
3,AR1 + Advanced,3.539683722456556,3.450453804810341,1.2526805966538108,1.230269522182413,-0.20628822142770842,-0.2100370130343432,0.049833631348982256,0.09983911847213935,False
