seed,strategy,final_equity_gross,final_equity_net,sharpe_gross,sharpe_net,max_dd_gross,max_dd_net,avg_turnover,avg_max_weight,has_nan_weights
11,Simple + Baseline,2.4487295061253387,2.3065071936410493,1.0293949975245509,0.9683721762881936,-0.34857142673019903,-0.3660189295405547,0.11672050243857979,0.10000005078901288,False
11,AR1 + Baseline,3.1454296973988223,3.0751056720392507,1.225410310877303,1.2038335381296867,-0.18582859730038193,-0.19123564994866027,0.04423132923795562,0.09984266074474743,False
11,Simple + Advanced,2.3521927799249154,2.2150716597673457,0.9950563602024173,0.9333059682133145,-0.3646046531675359,-0.3795047787673691,0.11717344392228601,0.09999564872676985,False
11,AR1 + Advanced,3.303753397843223,3.2280813943821007,1.2934168906007126,1.2708475671024866,-0.1753048395999739,-0.17824877052596777,0.04532448532233092,0.09983794661611338,False
