seed,strategy,final_equity_gross,final_equity_net,sharpe_gross,sharpe_net,max_dd_gross,max_dd_net,avg_turnover,avg_max_weight,has_nan_weights
18,Simple + Baseline,2.458939921916217,2.2805919908262746,0.9056889593448124,0.841800073638759,-0.47284671441104087,-0.4917944465442795,0.14622446482136686,0.10000007396686947,False
18,AR1 + Baseline,3.042600825372841,2.954068919850436,1.1040636692943724,1.0785589344643547,-0.3199869700781591,-0.3274226062186999,0.05745848318685025,0.09982409383280609,False
18,Simple + Advanced,2.3416500260674176,2.172399499252332,0.8773493694641823,0.8122434269158896,-0.4712357983520207,-0.48995555744782404,0.14566024262320582,0.09999456879721605,False
18,AR1 + Advanced,3.2953037174056914,3.197609525127517,1.1934846064115756,1.1669305769973666,-0.3063234378897728,-0.31400091120963136,0.058585569585768306,0.0998181898678224,False
