seed,strategy,final_equity_gross,final_equity_net,sharpe_gross,sharpe_net,max_dd_gross,max_dd_net,avg_turnover,avg_max_weight,has_nan_weights
20,Simple + Baseline,2.068121383101154,1.912453366989754,0.774519931820662,0.7061709571033398,-0.45758537216676476,-0.47888238570633657,0.15334910362194404,0.0999999986038766,False
20,AR1 + Baseline,2.84069782486662,2.7376861808196296,1.050946440487711,1.0187635336911276,-0.2392439740340092,-0.24099112724727467,0.07250784749633524,0.09982273003536306,False
20,Simple + Advanced,1.9495780501066833,1.8021853027007015,0.7315456212145369,0.6616230402851894,-0.46239798423334755,-0.4832594420540187,0.1540661144478941,0.09999432497584614,False
20,AR1 + Advanced,3.095650989008834,2.980350967462593,1.1469669289142554,1.1131191150014697,-0.22400037241852266,-0.225745378537482,0.07456493283655263,0.09981781966529002,False
