seed,strategy,final_equity_gross,final_equity_net,sharpe_gross,sharpe_net,max_dd_gross,max_dd_net,avg_turnover,avg_max_weight,has_nan_weights
19,Simple + Baseline,1.8907994145331137,1.776248121839707,0.7963811963502146,0.7292231011472321,-0.3410474603254675,-0.3607124734119549,0.12128745583217619,0.09999996400262226,False
19,AR1 + Baseline,2.859673125914801,2.787440800628914,1.209738186529843,1.1831961998296148,-0.2695538255538772,-0.2759459840271038,0.04977782882979876,0.09984319962495335,False
19,Simple + Advanced,2.0077391399505364,1.8873619494259988,0.8672384597886708,0.8000490779253707,-0.32962555381156655,-0.3409724576243792,0.12000118619275295,0.09999544548254123,False
19,AR1 + Advanced,3.197571556787171,3.1185142282897114,1.3302202250906232,1.304105519836835,-0.24878501071765535,-0.250915741477142,0.04870231770837585,0.0998385640515389,False
