seed,strategy,final_equity_gross,final_equity_net,cum_return_gross,cum_return_net,sharpe_gross,sharpe_net,max_drawdown_gross,max_drawdown_net,avg_turnover,max_turnover,avg_max_weight,avg_cost_coeff,avg_realised_tc,has_nan_weights
12,Simple alpha + Enhanced + Two-Step,2.3911191455514462,2.1592533953129682,1.3911191455514462,1.1592533953129682,0.9732080139715639,0.8741735440440714,-0.3208627268476303,-0.3508276280292162,0.05004378723140632,0.051075714135651956,0.07539134269636036,0.002,9.970087052747961e-05,False
12,AR1 alpha + Enhanced + Two-Step,2.1017811809199722,1.8989556672014651,1.1017811809199722,0.8989556672014651,0.8689324808599158,0.7670579147428951,-0.3694766779502827,-0.3952189932668868,0.049996835994089384,0.05086728971624668,0.08043594758009615,0.002,9.921242863984687e-05,False
12,Simple alpha + Enhanced + One-Step,2.1099630023075453,1.9062922061697527,1.1099630023075453,0.9062922061697527,0.8217942222863608,0.7281253674672415,-0.38597710431041365,-0.41309282872278963,0.04965227253415823,0.05020548406833623,0.09975522964891012,0.002,9.91913167237584e-05,False
12,AR1 alpha + Enhanced + One-Step,2.018491037344905,1.8247888625139173,1.018491037344905,0.8247888625139173,0.8160161196891318,0.716852627318137,-0.37849795279703935,-0.4037283732718959,0.04972047706015822,0.050363947977828956,0.09970093420709245,0.002,9.862070366424414e-05,False
12,Simple alpha + Basic + One-Step,1.9408295908567381,1.269150365212859,0.9408295908567381,0.26915036521285907,0.7533316244806499,0.35426197676023713,-0.3340582259273581,-0.44118338602789564,0.19659558029162943,0.9999940560847316,0.09999785396813647,0.002,0.00041452875450231495,False
12,Simple alpha + Basic + Two-Step,1.9364824471650888,1.2552533793168466,0.9364824471650888,0.25525337931684655,0.7512829212244745,0.34394607403063604,-0.3344112964117788,-0.44365719363325107,0.2005154601303422,0.9923050932520259,0.09997415712261921,0.002,0.0004230929802404178,False
12,AR1 alpha + Basic + One-Step,1.8436956407884795,1.1355440020050658,0.8436956407884795,0.13554400200506578,0.722697243793642,0.25020620420504935,-0.3803829840561648,-0.47851286804614657,0.22601975717177697,1.5566734517804943,0.09984141847409674,0.002,0.0004729773724010339,False
12,AR1 alpha + Basic + Two-Step,1.8535390181384543,1.1270545634524436,0.8535390181384543,0.1270545634524436,0.7278554047829237,0.2429034751528385,-0.3777179374582297,-0.48015613761139064,0.23241679589987205,1.5479271679569775,0.09981579035520004,0.002,0.0004855276673342378,False
