seed,strategy,final_equity_gross,final_equity_net,sharpe_gross,sharpe_net,max_dd_gross,max_dd_net,avg_turnover,avg_max_weight,has_nan_weights
7,Simple + Baseline,2.548116726793451,2.3645254979730166,0.9490656483284526,0.88437615293056,-0.4172682026171807,-0.44521426322989077,0.14627414751349332,0.10000002271490503,False
7,AR1 + Baseline,2.4010212971077,2.323742676772278,0.9087895257463258,0.8801439995515716,-0.3393222236142349,-0.3522864776191962,0.06415134481276778,0.09982284896389451,False
7,Simple + Advanced,2.697704104295611,2.50667542033743,1.0148340940327036,0.9498112185157845,-0.3838741805560226,-0.40583825312969035,0.14370940758027684,0.09999409796068552,False
7,AR1 + Advanced,2.340004742730943,2.2634169453496344,0.9010101827672511,0.8711651314823627,-0.37505526573916326,-0.38768791931190605,0.06525828352577578,0.09981636233063312,False
