strategy,final_equity_gross,final_equity_net,cum_return_gross,cum_return_net,sharpe_gross,sharpe_net,max_drawdown_gross,max_drawdown_net,avg_turnover,max_turnover,avg_max_weight,avg_cost_coeff,avg_realised_tc,has_nan_weights
AR1 alpha + Enhanced + Two-Step,2.5943675205304118,2.344593410779657,1.5943675205304118,1.3445934107796569,1.073569919526331,0.971659784682585,-0.25034532269369003,-0.2728919612037729,0.04999162589924442,0.050733208866177056,0.07897397292366558,0.002,9.925279701219762e-05,False
AR1 alpha + Enhanced + One-Step,2.699886288799912,2.4410620195335127,1.6998862887999122,1.4410620195335124,1.064683053758612,0.9680475752434411,-0.27645750069358666,-0.2994676286326757,0.04973728771770435,0.05031136232095169,0.09968926164311112,0.002,9.882330828294741e-05,False
Simple alpha + Enhanced + Two-Step,2.402814322681207,2.1703681524845027,1.4028143226812069,1.1703681524845024,0.9936605396056737,0.891176341839379,-0.30498522333206174,-0.32832396358380384,0.05004180593276961,0.05069770439583525,0.07435212132392618,0.002,9.972349760188768e-05,False
Simple alpha + Enhanced + One-Step,2.3085443676062796,2.086126332543115,1.3085443676062796,1.0861263325431147,0.904176733341157,0.8078364868693044,-0.3454532608358818,-0.3678953376615627,0.049803106638929735,0.05027367318235423,0.09971556145260177,0.002,9.930589134420797e-05,False
AR1 alpha + Basic + One-Step,2.739092944064225,1.691598850558909,1.7390929440642247,0.6915988505589091,1.072074294840584,0.6119562293906169,-0.2646882708053723,-0.367314965512032,0.2267936860669303,1.4430325299651532,0.09984142531312358,0.002,0.00047411460347879757,False
AR1 alpha + Basic + Two-Step,2.7420136655990524,1.6716109188930515,1.7420136655990521,0.6716109188930514,1.073118199804707,0.6005683030833204,-0.2644900478468467,-0.3711797277756886,0.23308739144982257,1.4736133142532262,0.0998142395403363,0.002,0.00048689180162413213,False
Simple alpha + Basic + One-Step,2.0413152939062913,1.3275973102238625,1.0413152939062913,0.32759731022386257,0.7915005093133152,0.3798726478124367,-0.3618587379852232,-0.4538912152993355,0.20167646172912335,1.1445071683660868,0.09999777511639285,0.002,0.00042198408816963135,False
Simple alpha + Basic + Two-Step,2.0419180550158798,1.3178330022765619,1.0419180550158798,0.3178330022765618,0.7916952083209823,0.3725976090177212,-0.3619759378423306,-0.4559879935435898,0.20534802154847806,1.1379777185365614,0.09997421039887605,0.002,0.00042960535667310035,False
