seed,strategy,final_equity_gross,final_equity_net,sharpe_gross,sharpe_net,max_dd_gross,max_dd_net,avg_turnover,avg_max_weight,has_nan_weights
23,Simple + Baseline,2.5182703830734026,2.351775983415898,0.9420288816699408,0.882289298561188,-0.4015394624827364,-0.4278049801875271,0.13335292538531623,0.09999993708019854,False
23,AR1 + Baseline,3.6128405634347325,3.5286515693897087,1.2820164085190828,1.2611528925523676,-0.3868316505672962,-0.3907456191680353,0.04618215969523434,0.09984249885916209,False
23,Simple + Advanced,2.4428735814344784,2.2821336749478847,0.9348855373958382,0.8737813030948247,-0.3945370177759864,-0.4116461348826237,0.13274081517256534,0.0999964391089773,False
23,AR1 + Advanced,3.6325466276325034,3.547876186704566,1.2941544852250915,1.2730995166796006,-0.37692760739734166,-0.3794529009028754,0.04616740171224536,0.09983865709951845,False
