seed,strategy,final_equity_gross,final_equity_net,sharpe_gross,sharpe_net,max_dd_gross,max_dd_net,avg_turnover,avg_max_weight,has_nan_weights
25,Simple + Baseline,1.9962534174646944,1.8829708019521874,0.8142117374586404,0.7555201219453745,-0.3911810268622049,-0.4013312919921901,0.11339664507733715,0.10000005725941835,False
25,AR1 + Baseline,3.6959075459132413,3.6281598877084833,1.3878224812040103,1.3699810497143239,-0.2098524149222376,-0.21014491063846497,0.0359926333908007,0.099843898775782,False
25,Simple + Advanced,1.9903812312064504,1.8778360168030563,0.81252465356554,0.7539039934558075,-0.379935812524523,-0.390104636055008,0.11296235355049854,0.09999609468696398,False
25,AR1 + Advanced,3.4891050814582263,3.421846830387822,1.3499752390012834,1.3308758166573318,-0.2029799311886199,-0.20343734918091771,0.0378588225986296,0.09983927612026654,False
